annezlove,8787a290-c8a7-3d07-8805-f3003bbdc0b5
darcq,27f1c6dc-9d8f-373f-bca3-f523df8d516c
eleforcreate,ce89abce-4e57-309a-b594-056bd4299a3f
frozentrone,e00eb9a1-fa93-3523-92fe-401ab2a2f9d1
mitiazavr,3ad49e4a-aa06-3352-9c3a-9ad66b1b9c89
mum1a,09761073-8743-38fa-b64d-7a8ec598e5b5
odmen,6f339539-b383-3dcb-961e-680d335a259b
paradoxgrkek,e455d052-62bf-3084-868e-cb5a2d449f97
sato,49cc8589-726c-3a6c-96bf-c7c5440f0754
sato_godofsurf,86bac5dc-c669-32a3-8f00-3127ceb284f6
stevegrkek,80063e32-660f-3040-aa72-a0e52f9efa9f
